Party_Std,Party_Name_2016,Votes_2016,Votes_2021,Votes_2024,Pct_2016,Pct_2021,Pct_2024,Avg_Pct,Pct_2026_Predicted,Projected_Votes_2026
ABC,,0.0,10864.0,584.0,0.0,0.0070056379135012645,0.0004687107484845153,0.00249144955399526,0.00434442027251476,4227
ACC,,0.0,14264.0,431.0,0.0,0.009198124005723679,0.000345914953076757,0.0031813463196001452,0.0056520015957174825,5499
ACDP,AFRICAN CHRISTIAN DEMOCRATIC PARTY,12103.0,11915.0,5753.0,0.0054380718950577485,0.007683374055538252,0.00461728242471133,0.005912909458435776,0.0028705283661326674,2793
ACTIONSA,,0.0,29864.0,5953.0,0.0,0.019257766075920633,0.004777799804329314,0.008011855293416649,0.0020905756596099807,2034
ADC,,0.0,7835.0,0.0,0.0,0.005052390744871356,0.0,0.001684130248290452,0.007108500078098712,6916
AIC,AFRICAN INDEPENDENT CONGRESS,30445.0,10333.0,0.0,0.013679426493020999,0.006663223173804176,0.0,0.006780883222275058,0.00680965366389056,6626
AL JAMA-AH,AL JAMA-AH,4287.0,2946.0,4560.0,0.0019262178149312208,0.0018997247140256559,0.0036597962552900507,0.0024952462614156426,0.0007200144912404676,701
AM4C,ALLIED MOVEMENT FOR CHANGE,1883.0,761.0,5220.0,0.0008460620819956821,0.0004907299753474284,0.0041895036080294,0.0018420985551241703,0.0013046979319811373,1269
AMC,AFRICAN MANTUNGWA COMMUNITY,3404.0,1177.0,908.0,0.0015294717616108878,0.0007589870972193473,0.0007287489034656505,0.0010057359207652952,0.0031051507158654894,3021
ANC,AFRICAN NATIONAL CONGRESS,1246512.0,653444.0,180355.0,0.5600778215361666,0.42137261236652435,0.14475056000500813,0.3754003313025664,0.23169527306119023,225431
APC,AFRICAN PEOPLE'S CONVENTION,4617.0,2155.0,393.0,0.002074492104394086,0.001389649273158618,0.0003154166509493399,0.001259852676167348,0.005269322753637849,5127
APF,,0.0,3000.0,0.0,0.0,0.0019345465519609532,0.0,0.0006448488506536511,0.006378832607522058,6206
ATM,,0.0,9549.0,2956.0,0.0,0.006157661674891714,0.0023724468707538135,0.0028433695152151757,0.0023911413613388875,2326
BOSA,,0.0,0.0,2502.0,0.0,0.0,0.0020080724190209885,0.0006693574730069962,0.0010476884335648973,1019
CCC,,0.0,2282.0,0.0,0.0,0.0014715450771916317,0.0,0.0004905150257305439,0.006364335453334161,6192
COPE,CONGRESS  OF THE PEOPLE,2275.0,1080.0,684.0,0.0010221939652364188,0.0006964367587059432,0.0005489694382935077,0.0007558667207452898,0.005350781434336458,5206
DA,DEMOCRATIC ALLIANCE,599073.0,402413.0,294369.0,0.2691731012466273,0.2594955605380877,0.23625670260383266,0.25497512146284923,0.30517351175210317,296923
DLC,DEMOCRATIC LIBERAL CONGRESS,11515.0,8178.0,6307.0,0.005173874070196643,0.005273573900645558,0.005061915566253147,0.005169787845698449,0.0026611053809856514,2589
EFF,ECONOMIC FREEDOM FIGHTERS,76639.0,162447.0,32230.0,0.034435131121650066,0.10475376124213365,0.025867375725438232,0.05501875602974065,0.02631604161246943,25605
GOOD,,0.0,2263.0,1188.0,0.0,0.0014592929490292123,0.0009534732349308291,0.0008042553946533471,0.0014178441858478357,1380
IFP,INKATHA FREEDOM PARTY,93414.0,109447.0,83817.0,0.04197240750267905,0.07057677215749014,0.06727042603720311,0.059939868565790776,0.09132590189247461,88857
INDEPENDENT,INDEPENDENT,93432.0,32987.0,0.0,0.041980495191195205,0.021271629036511988,0.0,0.02108404140923573,0.00882759269142071,8589
IPP,INDEPENDENT PEOPLE'S PARTY,2442.0,2754.0,0.0,0.001097229742025202,0.001775913734700155,0.0,0.0009577144922417857,0.006378832607522058,6206
JEP,,0.0,8722.0,0.0,0.0,0.005624371675401144,0.0,0.001874790558467048,0.00680965366389056,6626
KZNI,,0.0,3668.0,0.0,0.0,0.002365305584197592,0.0,0.0007884351947325306,0.006378832607522058,6206
MF,MINORITY FRONT,11795.0,7561.0,0.0,0.005299682558225741,0.004875702159792256,0.0,0.003391794906005999,0.007108500078098712,6916
MK,,0.0,0.0,589256.0,0.0,0.0,0.4729291452208759,0.15764304840695864,0.19678893168693948,191469
MOSA,MINORITIES OF SOUTH AFRICA,6888.0,5310.0,0.0,0.0030948888055158034,0.003424147396970887,0.0,0.0021730120674955636,0.00653748838514365,6361
NFP,,0.0,5275.0,1036.0,0.0,0.0034015776871980092,0.0008314800264211607,0.0014110192378730567,0.0019324110201555393,1880
PA,,0.0,2515.0,4810.0,0.0,0.0016217948593939323,0.003860442979812532,0.0018274126130688212,0.0007678775240490612,747
PAC,PAN AFRICANIST CONGRESS OF AZANIA,1831.0,1889.0,1369.0,0.0008226976485045639,0.0012181194788847469,0.0010987414634851052,0.001046519530291472,0.001230454668705589,1197
PFP,,0.0,3616.0,0.0,0.0,0.002331773443963602,0.0,0.000777257814654534,0.006378832607522058,6206
PRM,PEOPLE'S REVOLUTIONARY MOVEMENT,2876.0,4087.0,0.0,0.0012922328984703035,0.0026354972526214716,0.0,0.0013092433836972585,0.006378832607522058,6206
RISE,,0.0,0.0,2654.0,0.0,0.0,0.0021300656275306568,0.0007100218758435522,0.0010176697358932408,990
SPOILT VOTES,,0.0,0.0,11033.0,0.0,0.0,0.008854941246626126,0.0029516470822087085,0.003095824373463445,3012
TA,TRULY ALLIANCE,9138.0,3693.0,0.0,0.004105849870035339,0.0023814268054639333,0.0,0.0021624255584997572,0.006378832607522058,6206
UIM,,0.0,5814.0,978.0,0.0,0.003749151217700327,0.0007849299863319451,0.0015113604013440908,0.002392015819783708,2327
UPP,UNITED PEOPLES PARTY,3342.0,0.0,0.0,0.0015016141678330162,0.0,0.0,0.0005005380559443387,0.011006092279012086,10709
VF PLUS,VRYHEIDSFRONT PLUS,2251.0,3975.0,1752.0,0.0010114103805482105,0.0025632741813482627,0.0014061322454535458,0.0016602722691166731,0.0011940023319775,1162
